x_vs_y,correlation
date_vs_amt,-0.002373986980269244
date_vs_city_pop,-0.0016637591466575595
city_pop_vs_amt,0.004920730339857255
